sub_id,kaggle_lb,competition_macro_auc,n_scored_classes,macro_average_precision,trimmed10_macro_auc,trimmed20_macro_auc,median_per_class_auc,weighted_sqrt_macro_auc,weighted_log_macro_auc,auc_common_ge5,auc_common_ge10,comp_auc_point,comp_auc_lo,comp_auc_hi,comp_auc_std,archived_focal_auc,rank_lb,rank_comp_auc,rank_off_by
5,0.721,0.688520505701714,75,0.20697896547019629,0.7057829407086564,0.7144964305768956,0.7106189372478323,0.6912326741664342,0.6891148103654463,0.6862696641391417,0.6985572299798207,0.688520505701714,0.6621504067912373,0.7016390246446137,0.010011070016873411,0.9858787263382413,2,4,2
6,0.72,0.7239782561278135,75,0.20699230116291167,0.7416611453242945,0.7474299741820313,0.7568895643363729,0.7051685282132183,0.7090106581648646,0.7030854745300725,0.7106811825670474,0.7239782561278135,0.6972028139314725,0.7375790207703756,0.01047046344689643,0.9961084580202426,3,1,-2
7,0.72,0.7239782561278135,75,0.20699230116291167,0.7416611453242945,0.7474299741820313,0.7568895643363729,0.7051685282132183,0.7090106581648646,0.7030854745300725,0.7106811825670474,0.7239782561278135,0.6972028139314725,0.7375790207703756,0.01047046344689643,0.9961084580202426,3,1,-2
8,0.72,0.7239782561278135,75,0.20699230116291167,0.7416611453242945,0.7474299741820313,0.7568895643363729,0.7051685282132183,0.7090106581648646,0.7030854745300725,0.7106811825670474,0.7239782561278135,0.6972028139314725,0.7375790207703756,0.01047046344689643,0.9961084580202426,3,1,-2
9,0.62,0.5278136250073618,75,0.10806639647493396,0.5254449122748255,0.5098810184768717,0.5039107055564608,0.5925674883580311,0.5624362849397241,0.5453723550532129,0.5566631941568737,0.5278136250073618,0.5072553918738782,0.5507786188289593,0.011550217987358027,,6,6,0
22,0.88,0.6847297387641494,75,0.2924117365404528,0.710683223667713,0.7368618281897794,0.8138964577656675,0.6999765943175942,0.6722685235627389,0.6313345444657336,0.631202574649054,0.6847297387641494,0.6515244439151127,0.6945940489033678,0.010460418172716424,,1,5,4
