sub_id,kaggle_lb,auc_all_scored,n_all_scored,auc_rare_1_to_3,n_rare_1_to_3,auc_medium_4_to_10,n_medium_4_to_10,auc_common_ge11,n_common_ge11
5,0.721,0.688520505701714,75,0.7080824391304401,15,0.6443030483333814,11,0.6924585267143826,49
6,0.72,0.7239782561278135,75,0.7991156250384698,15,0.7070523368778734,11,0.7047767169051503,49
7,0.72,0.7239782561278135,75,0.7991156250384698,15,0.7070523368778734,11,0.7047767169051503,49
8,0.72,0.7239782561278135,75,0.7991156250384698,15,0.7070523368778734,11,0.7047767169051503,49
9,0.62,0.5278136250073618,75,0.4786987665894102,15,0.4895829289941718,11,0.5514311868933692,49
22,0.88,0.6847297387641494,75,0.8781772633666398,15,0.6926794171414946,11,0.6237264871072483,49
