auc,auc_mean,auc_std,auc_ci_lo,auc_ci_hi,n_boot,sub_id,kaggle_lb
0.688520505701714,0.68376383293907,0.010011070016873411,0.6621504067912373,0.7016390246446137,200,5,0.721
0.7239782561278135,0.7176925463411357,0.01047046344689643,0.6972028139314725,0.7375790207703756,200,6,0.72
0.7239782561278135,0.7176925463411357,0.01047046344689643,0.6972028139314725,0.7375790207703756,200,7,0.72
0.7239782561278135,0.7176925463411357,0.01047046344689643,0.6972028139314725,0.7375790207703756,200,8,0.72
0.5278136250073618,0.5298195053191159,0.011550217987358027,0.5072553918738782,0.5507786188289593,200,9,0.62
0.6847297387641494,0.6734456836827869,0.010460418172716424,0.6515244439151127,0.6945940489033678,200,22,0.88
